{
  "scores": {
    "faithfulness": 0.7902298850574713,
    "answer_relevancy": 0.8735755038554751,
    "context_recall": 0.8333333333333334,
    "context_precision": 0.9499999999652775
  },
  "pass_rate": 75.0,
  "num_test_cases": 30,
  "judge_model": "gpt-3.5-turbo",
  "thresholds": {
    "faithfulness": 0.8,
    "answer_relevancy": 0.8,
    "context_recall": 0.75,
    "context_precision": 0.7
  }
}